1,「なぜ山に登るのか」という質問に対し「そこに山があるからだ」と答えたことで知られる登山家は誰でしょう？,ジョージ・マロリー2,正式名称を「私的独占の禁止及び公正取引の確保に関する法律」と呼ぶ法律を、漢字五文字で俗に何というでしょう？,独占禁止法3,「鳴かぬなら」の歌い出しで始まる川柳で生き様を読まれた武将で、「鳴くまで待とう」なら徳川家康、「鳴かせてみせよう」なら豊臣秀吉ですが、「殺してしまえ」なら誰でしょう？,織田信長4,沖縄出身の5人組ロックバンドで、「オシャレ番長」「花」「イケナイ太陽」などで知られるグループは何でしょう？,ORANGE RANGE5,川端康成の小説「雪国」の冒頭で通過するトンネルの名前は清水トンネルですが、このトンネルは何県と何県を結んでいるでしょう？,群馬県と新潟県
6,犯罪捜査において、現場に残された指紋や足跡の証拠を集めることや、それを専門とする部署のことを何というでしょう？,鑑識
7,新垣結衣と契約結婚したかと思えば、その後吉岡里帆と食事を共にするようになった、ちょっと浮気性に思えてしまうアーティストといえば誰でしょう？,星野源
8,経済産業省の業態分類によれば、コンビニエンスストアとは営業時間が何時間以上のものを指すでしょう？,14時間
9,１９８２年に林野庁によって提唱されて広まった、山や森の中に入って安息を得る健康法のことを何というでしょう？,森林浴
10,諺で、どれもが優れていて優劣が判定しにくいことを、2種類の植物を使って何と言うでしょう？,いずれ菖蒲か杜若